Time,1,2,3,4,5,6,7,8,9,10,11,12,13,14,15,16,17,18,19,20,21,22,23,24,25,26,27,28,29,30,31,32,33,34,35,36,37,38,39,40,41
0,0,0,0,0,0,0,0,0,0,0,0,0,0,0,0,0,0,0,0,0,0,0,0,0,0,0,0,0,0,0,0,0,0,0,0,0,0,0,0,0,0
1.00E-02,9.44E-07,1.50E-08,2.39E-10,3.81E-12,6.06E-14,9.65E-16,1.54E-17,2.45E-19,3.90E-21,6.20E-23,9.87E-25,1.57E-26,2.50E-28,3.98E-30,6.34E-32,1.01E-33,1.61E-35,2.56E-37,0,0,0,0,0,5.11E-37,3.21E-35,2.02E-33,1.27E-31,7.96E-30,5.00E-28,3.14E-26,1.97E-24,1.24E-22,7.78E-21,4.89E-19,3.07E-17,1.93E-15,1.21E-13,7.61E-12,4.78E-10,3.00E-08,1.89E-06
2.00E-02,2.80E-06,5.92E-08,1.17E-09,2.24E-11,4.15E-13,7.54E-15,1.35E-16,2.39E-18,4.17E-20,7.25E-22,1.25E-23,2.14E-25,3.65E-27,6.20E-29,1.05E-30,1.77E-32,2.97E-34,4.97E-36,8.31E-38,0,0,0,1.66E-37,9.93E-36,5.93E-34,3.53E-32,2.09E-30,1.24E-28,7.29E-27,4.28E-25,2.50E-23,1.45E-21,8.34E-20,4.76E-18,2.70E-16,1.51E-14,8.29E-13,4.47E-11,2.34E-09,1.18E-07,5.60E-06
3.00E-02,5.55E-06,1.46E-07,3.45E-09,7.67E-11,1.62E-12,3.31E-14,6.58E-16,1.28E-17,2.44E-19,4.59E-21,8.51E-23,1.56E-24,2.84E-26,5.12E-28,9.17E-30,1.63E-31,2.88E-33,5.07E-35,8.88E-37,1.55E-38,0,3.09E-38,1.77E-36,1.01E-34,5.76E-33,3.26E-31,1.83E-29,1.02E-27,5.68E-26,3.12E-24,1.70E-22,9.16E-21,4.87E-19,2.55E-17,1.31E-15,6.62E-14,3.24E-12,1.53E-10,6.90E-09,2.91E-07,1.11E-05
5.00E-02,1.44E-05,5.80E-07,2.12E-08,7.26E-10,2.39E-11,7.70E-13,2.44E-14,7.65E-16,2.39E-17,7.41E-19,2.30E-20,7.11E-22,2.20E-23,6.79E-25,2.10E-26,6.48E-28,2.00E-29,6.18E-31,1.91E-32,5.90E-34,5.45E-35,1.18E-33,3.81E-32,1.23E-30,3.99E-29,1.29E-27,4.19E-26,1.36E-24,4.39E-23,1.42E-21,4.58E-20,1.48E-18,4.76E-17,1.53E-15,4.87E-14,1.54E-12,4.78E-11,1.45E-09,4.22E-08,1.16E-06,2.86E-05
9.00E-02,4.39E-05,3.08E-06,1.98E-07,1.22E-08,7.33E-10,4.34E-11,2.55E-12,1.50E-13,8.74E-15,5.10E-16,2.98E-17,1.74E-18,1.01E-19,5.91E-21,3.45E-22,2.01E-23,1.17E-24,6.83E-26,3.98E-27,2.34E-28,4.05E-29,4.63E-28,7.94E-27,1.36E-25,2.33E-24,4.00E-23,6.86E-22,1.18E-20,2.02E-19,3.46E-18,5.93E-17,1.02E-15,1.74E-14,2.98E-13,5.08E-12,8.65E-11,1.46E-09,2.43E-08,3.95E-07,6.12E-06,8.74E-05
1.70E-01,1.42E-04,1.75E-05,2.00E-06,2.20E-07,2.38E-08,2.54E-09,2.69E-10,2.85E-11,3.01E-12,3.17E-13,3.34E-14,3.52E-15,3.70E-16,3.90E-17,4.10E-18,4.32E-19,4.55E-20,4.79E-21,5.04E-22,5.42E-23,1.67E-23,1.06E-22,1.00E-21,9.51E-21,9.03E-20,8.58E-19,8.15E-18,7.74E-17,7.35E-16,6.98E-15,6.63E-14,6.29E-13,5.97E-12,5.65E-11,5.35E-10,5.04E-09,4.72E-08,4.37E-07,3.97E-06,3.47E-05,2.82E-04
3.30E-01,4.57E-04,9.34E-05,1.80E-05,3.35E-06,6.12E-07,1.11E-07,1.98E-08,3.55E-09,6.33E-10,1.13E-10,2.01E-11,3.57E-12,6.35E-13,1.13E-13,2.01E-14,3.57E-15,6.35E-16,1.13E-16,2.01E-17,3.79E-18,1.89E-18,7.16E-18,3.97E-17,2.23E-16,1.25E-15,7.05E-15,3.97E-14,2.23E-13,1.25E-12,7.05E-12,3.96E-11,2.23E-10,1.25E-09,7.01E-09,3.92E-08,2.18E-07,1.21E-06,6.61E-06,3.55E-05,1.84E-04,9.02E-04
6.50E-01,1.41E-03,4.41E-04,1.32E-04,3.82E-05,1.09E-05,3.06E-06,8.55E-07,2.38E-07,6.59E-08,1.83E-08,5.05E-09,1.39E-09,3.85E-10,1.06E-10,2.93E-11,8.09E-12,2.23E-12,6.16E-13,1.72E-13,5.38E-14,3.82E-14,9.54E-14,3.34E-13,1.21E-12,4.37E-12,1.58E-11,5.74E-11,2.08E-10,7.54E-10,2.73E-09,9.89E-09,3.58E-08,1.29E-07,4.66E-07,1.67E-06,5.99E-06,2.13E-05,7.47E-05,2.58E-04,8.63E-04,2.76E-03
1.29,4.18E-03,1.82E-03,7.66E-04,3.15E-04,1.28E-04,5.11E-05,2.03E-05,8.04E-06,3.17E-06,1.25E-06,4.89E-07,1.91E-07,7.50E-08,2.93E-08,1.15E-08,4.48E-09,1.75E-09,6.90E-10,2.80E-10,1.36E-10,1.20E-10,2.19E-10,5.25E-10,1.33E-09,3.40E-09,8.69E-09,2.22E-08,5.68E-08,1.45E-07,3.71E-07,9.47E-07,2.41E-06,6.14E-06,1.56E-05,3.94E-05,9.91E-05,2.47E-04,6.10E-04,1.48E-03,3.52E-03,8.07E-03
2.57,1.20E-02,6.66E-03,3.62E-03,1.94E-03,1.02E-03,5.36E-04,2.79E-04,1.44E-04,7.42E-05,3.81E-05,1.95E-05,9.98E-06,5.10E-06,2.60E-06,1.33E-06,6.77E-07,3.47E-07,1.81E-07,1.01E-07,6.78E-08,6.71E-08,9.84E-08,1.76E-07,3.38E-07,6.59E-07,1.29E-06,2.53E-06,4.97E-06,9.74E-06,1.91E-05,3.73E-05,7.28E-05,1.42E-04,2.75E-04,5.32E-04,1.02E-03,1.95E-03,3.69E-03,6.90E-03,1.27E-02,2.28E-02
5.13,3.37E-02,2.23E-02,1.45E-02,9.39E-03,6.01E-03,3.83E-03,2.42E-03,1.53E-03,9.57E-04,5.99E-04,3.74E-04,2.33E-04,1.45E-04,9.00E-05,5.60E-05,3.51E-05,2.22E-05,1.46E-05,1.04E-05,8.68E-06,8.99E-06,1.14E-05,1.65E-05,2.55E-05,4.05E-05,6.50E-05,1.05E-04,1.69E-04,2.71E-04,4.36E-04,7.00E-04,1.12E-03,1.79E-03,2.86E-03,4.53E-03,7.16E-03,1.12E-02,1.75E-02,2.71E-02,4.15E-02,6.27E-02
10.25,9.31E-02,6.96E-02,5.16E-02,3.81E-02,2.79E-02,2.04E-02,1.49E-02,1.08E-02,7.79E-03,5.62E-03,4.05E-03,2.92E-03,2.10E-03,1.52E-03,1.10E-03,8.09E-04,6.10E-04,4.81E-04,4.07E-04,3.80E-04,3.97E-04,4.60E-04,5.77E-04,7.61E-04,1.03E-03,1.42E-03,1.97E-03,2.74E-03,3.82E-03,5.31E-03,7.39E-03,1.03E-02,1.42E-02,1.97E-02,2.71E-02,3.72E-02,5.09E-02,6.93E-02,9.38E-02,1.26E-01,1.69E-01
20.49,2.54E-01,2.06E-01,1.68E-01,1.36E-01,1.09E-01,8.81E-02,7.07E-02,5.67E-02,4.54E-02,3.63E-02,2.91E-02,2.33E-02,1.88E-02,1.52E-02,1.25E-02,1.05E-02,8.98E-03,8.00E-03,7.46E-03,7.34E-03,7.63E-03,8.36E-03,9.55E-03,1.13E-02,1.36E-02,1.67E-02,2.07E-02,2.59E-02,3.24E-02,4.06E-02,5.09E-02,6.37E-02,7.98E-02,9.97E-02,1.24E-01,1.55E-01,1.92E-01,2.38E-01,2.94E-01,3.62E-01,4.44E-01
40.97,6.81E-01,5.90E-01,5.10E-01,4.41E-01,3.81E-01,3.28E-01,2.83E-01,2.44E-01,2.11E-01,1.83E-01,1.59E-01,1.38E-01,1.22E-01,1.08E-01,9.72E-02,8.87E-02,8.27E-02,7.88E-02,7.70E-02,7.72E-02,7.96E-02,8.41E-02,9.08E-02,9.99E-02,1.12E-01,1.26E-01,1.44E-01,1.66E-01,1.92E-01,2.22E-01,2.58E-01,3.00E-01,3.49E-01,4.06E-01,4.73E-01,5.49E-01,6.37E-01,7.39E-01,8.55E-01,9.88E-01,1.14002
61.45,1.19001,1.05758,9.39E-01,8.33E-01,7.39E-01,6.56E-01,5.82E-01,5.17E-01,4.60E-01,4.11E-01,3.68E-01,3.32E-01,3.01E-01,2.76E-01,2.55E-01,2.39E-01,2.28E-01,2.21E-01,2.19E-01,2.20E-01,2.26E-01,2.36E-01,2.51E-01,2.70E-01,2.94E-01,3.24E-01,3.60E-01,4.02E-01,4.51E-01,5.08E-01,5.74E-01,6.48E-01,7.34E-01,8.30E-01,9.39E-01,1.06211,1.2003,1.35519,1.5284,1.72159,1.93656
81.93,1.76845,1.59688,1.44132,1.30068,1.17393,1.06009,9.58E-01,8.68E-01,7.87E-01,7.17E-01,6.56E-01,6.03E-01,5.58E-01,5.21E-01,4.91E-01,4.68E-01,4.52E-01,4.42E-01,4.39E-01,4.43E-01,4.53E-01,4.70E-01,4.94E-01,5.25E-01,5.64E-01,6.11E-01,6.66E-01,7.31E-01,8.05E-01,8.89E-01,9.85E-01,1.09366,1.21509,1.35082,1.50202,1.66993,1.8559,2.06134,2.28776,2.53673,2.80991
102.41,2.4096,2.20101,2.01036,1.83662,1.67879,1.53597,1.40727,1.29191,1.18916,1.09833,1.01884,9.50E-01,8.92E-01,8.43E-01,8.04E-01,7.75E-01,7.54E-01,7.43E-01,7.40E-01,7.47E-01,7.62E-01,7.87E-01,8.21E-01,8.65E-01,9.19E-01,9.83E-01,1.05835,1.1454,1.24477,1.35721,1.48354,1.62466,1.78156,1.95528,2.14695,2.35778,2.58904,2.84208,3.11831,3.4192,3.74631
122.89,3.10923,2.86565,2.64181,2.43672,2.24946,2.07915,1.92497,1.78617,1.66204,1.55197,1.45537,1.37173,1.30062,1.24165,1.19452,1.15897,1.13482,1.12198,1.1204,1.1301,1.15118,1.18382,1.22824,1.28476,1.35375,1.43567,1.53103,1.64044,1.76454,1.90409,2.05988,2.23279,2.42376,2.63381,2.86401,3.11551,3.38952,3.6873,4.01018,4.35956,4.73687
139.653,3.71932,3.44839,3.19861,2.96904,2.75878,2.56701,2.39293,2.23584,2.09507,1.97002,1.86013,1.76493,1.684,1.61698,1.56358,1.52357,1.4968,1.48316,1.48263,1.49524,1.5211,1.56038,1.61333,1.68026,1.76154,1.85761,1.969,2.09627,2.2401,2.40117,2.58029,2.77829,2.99609,3.23465,3.49502,3.77828,4.0856,4.41818,4.77728,5.16421,5.58035
156.416,4.36532,4.0683,3.79378,3.54086,3.30869,3.09647,2.90346,2.72898,2.5724,2.43314,2.31068,2.20457,2.11442,2.03989,1.9807,1.93665,1.90759,1.89344,1.89417,1.90984,1.94055,1.98649,2.04788,2.12505,2.21836,2.32824,2.4552,2.59981,2.76269,2.94453,3.14609,3.36818,3.61168,3.87752,4.16668,4.48022,4.81923,5.18487,5.57832,6.00084,6.45373
173.18,5.04586,4.72395,4.42584,4.15067,3.89762,3.66595,3.45494,3.26394,3.09236,2.93964,2.80531,2.68892,2.59011,2.50856,2.44402,2.39629,2.36525,2.35081,2.35296,2.37177,2.40734,2.45985,2.52953,2.61669,2.7217,2.84497,2.98699,3.1483,3.32952,3.53132,3.7544,3.99956,4.26763,4.5595,4.87612,5.21849,5.58765,5.98469,6.41075,6.86702,7.35473
189.943,5.75959,5.41395,5.09336,4.79699,4.52408,4.2739,4.04577,3.83909,3.65328,3.48783,3.34227,3.21619,3.10925,3.02114,2.95164,2.90056,2.86777,2.85323,2.85691,2.87888,2.91925,2.9782,3.05596,3.15283,3.26914,3.40533,3.56185,3.73923,3.93805,4.15896,4.40264,4.66985,4.96137,5.27808,5.62086,5.99066,6.38849,6.81538,7.27241,7.76071,8.28144
206.706,6.5052,6.13695,5.79494,5.47839,5.18656,4.91878,4.67439,4.45282,4.25351,4.07599,3.91982,3.7846,3.67001,3.57576,3.50165,3.44749,3.41318,3.39866,3.40393,3.42905,3.47414,3.53937,3.62496,3.73119,3.85842,4.00702,4.17747,4.37025,4.58593,4.82512,5.08848,5.37674,5.69064,6.03101,6.3987,6.79462,7.21971,7.67497,8.16141,8.68012,9.23219
223.469,7.2814,6.8916,6.52919,6.19342,5.88359,5.59907,5.33923,5.10351,4.89141,4.70245,4.53623,4.39238,4.27058,4.17058,4.09216,4.03517,3.9995,3.98512,3.99201,4.02024,4.06993,4.14124,4.23439,4.34965,4.48736,4.64789,4.83167,5.03919,5.27099,5.52766,5.80981,6.11814,6.45337,6.81628,7.20769,7.62845,8.07948,8.5617,9.0761,9.62369,10.2055
240.232,8.08691,7.67658,7.29474,6.94068,6.61373,6.31328,6.03875,5.7896,5.56534,5.36555,5.18982,5.0378,4.90921,4.80378,4.72134,4.66173,4.62486,4.61068,4.6192,4.65048,4.70463,4.78181,4.88224,5.00617,5.15393,5.32588,5.52244,5.74405,5.99125,6.26459,6.56466,6.89213,7.24769,7.63207,8.04605,8.49046,8.96614,9.47401,10.015,10.59,11.2001
254.275,8.78154,8.3547,7.95724,7.58848,7.24777,6.93453,6.6482,6.38828,6.15428,5.9458,5.76245,5.6039,5.46988,5.36015,5.27451,5.21284,5.17504,5.16108,5.17095,5.20473,5.26251,5.34446,5.45079,5.58174,5.73762,5.91879,6.12564,6.35862,6.61822,6.90498,7.21949,7.56235,7.93425,8.33589,8.76801,9.23141,9.72691,10.2554,10.8177,11.4147,12.0475
268.318,9.49527,9.05259,8.64014,8.25727,7.90337,7.57787,7.28024,7.00998,6.76666,6.54986,6.35923,6.19445,6.05526,5.94142,5.85275,5.78914,5.75049,5.73677,5.74798,5.78419,5.8455,5.93207,6.04408,6.1818,6.34551,6.53555,6.75231,6.99622,7.26774,7.5674,7.89576,8.25341,8.64099,9.05919,9.50872,9.99033,10.5048,11.053,11.6357,12.2539,12.9085
282.361,10.2274,9.7695,9.34267,8.94627,8.57972,8.24247,7.934,7.65385,7.40159,7.17684,6.97924,6.8085,6.66437,6.54661,6.45507,6.38962,6.35019,6.33673,6.34926,6.38784,6.45256,6.54358,6.66109,6.80533,6.97657,7.17516,7.40144,7.65585,7.93883,8.25088,8.59254,8.96438,9.36701,9.8011,10.2673,10.7664,11.2991,11.8662,12.4685,13.107,13.7823
296.404,10.9772,10.5047,10.0641,9.65472,9.27603,8.9275,8.60865,8.31902,8.0582,7.82583,7.62157,7.44513,7.29627,7.17479,7.08051,7.01333,6.97316,6.95998,6.9738,7.01467,7.0827,7.17802,7.30082,7.45133,7.62983,7.83662,8.07207,8.33657,8.63055,8.9545,9.30892,9.69438,10.1115,10.5608,11.043,11.5589,12.109,12.6943,13.3154,13.9732,14.6685
310.447,11.744,11.2575,10.8037,10.3819,9.99153,9.63219,9.30338,9.00467,8.73565,8.49598,8.28534,8.10345,7.95008,7.82503,7.72815,7.65932,7.61848,7.60558,7.62066,7.66375,7.73496,7.83442,7.96232,8.11887,8.30434,8.51903,8.76328,9.03747,9.34202,9.67739,10.0441,10.4426,10.8735,11.3375,11.8351,12.367,12.9339,13.5365,14.1757,14.852,15.5665
324.49,12.5272,12.0273,11.5607,11.127,10.7255,10.3558,10.0174,9.70999,9.43312,9.18646,8.96971,8.78261,8.62492,8.49647,8.3971,8.32671,8.28522,8.27262,8.28892,8.33416,8.40844,8.5119,8.6447,8.80706,8.99923,9.2215,9.4742,9.7577,10.0724,10.4187,10.7972,11.2082,11.6525,12.1305,12.6428,13.1901,13.7731,14.3924,15.0488,15.743,16.4758
338.533,13.3261,12.8133,12.3346,11.8893,11.4771,11.0975,10.75,10.4342,10.1498,9.89646,9.67386,9.48176,9.31995,9.18824,9.0865,9.01462,8.97254,8.96023,8.97771,9.02503,9.10227,9.20957,9.34708,9.51503,9.71364,9.94319,10.204,10.4964,10.8209,11.1777,11.5675,11.9906,12.4476,12.939,13.4654,14.0275,14.6259,15.2612,15.9341,16.6454,17.3958
352.576,14.1401,13.6149,13.1245,12.6683,12.2458,11.8567,11.5004,11.1766,10.885,10.6252,10.397,10.2001,10.0344,9.89953,9.79552,9.72223,9.67959,9.66757,9.6862,9.73551,9.81561,9.9266,10.0686,10.242,10.4468,10.6833,10.9519,11.2529,11.5867,11.9537,12.3542,12.7889,13.2581,13.7624,14.3024,14.8787,15.4918,16.1425,16.8313,17.559,18.3262
366.619,14.9686,14.4316,13.9299,13.4632,13.0309,12.6326,12.2679,11.9364,11.6379,11.3719,11.1384,10.9369,10.7674,10.6296,10.5234,10.4487,10.4056,10.3938,10.4136,10.4648,10.5477,10.6622,10.8086,10.9871,11.1978,11.4411,11.7172,12.0264,12.3692,12.7458,13.1568,13.6025,14.0834,14.6002,15.1532,15.743,16.3703,17.0357,17.7397,18.4831,19.2665
380.662,15.811,15.2626,14.7502,14.2733,13.8316,13.4245,13.0518,12.7129,12.4078,12.136,11.8972,11.6914,11.5182,11.3776,11.2693,11.1934,11.1497,11.1383,11.1591,11.2122,11.2976,11.4156,11.5662,11.7496,11.966,12.2158,12.499,12.8162,13.1675,13.5535,13.9744,14.4307,14.923,15.4516,16.017,16.6199,17.2608,17.9402,18.6589,19.4173,20.2162
394.705,16.6667,16.1074,15.5847,15.0982,14.6474,14.2319,13.8514,13.5055,13.194,12.9165,12.6729,12.4628,12.2862,12.1428,12.0326,11.9554,11.9113,11.9001,11.9219,11.9768,12.0648,12.1861,12.3407,12.5288,12.7508,13.0067,13.2968,13.6216,13.9812,14.376,14.8065,15.2731,15.7761,16.3161,16.8935,17.5089,18.1628,18.8557,19.5884,20.3613,21.175
408.748,17.5353,16.9656,16.433,15.9371,15.4776,15.0541,14.6662,14.3136,13.9959,13.713,13.4647,13.2506,13.0706,12.9246,12.8125,12.7341,12.6895,12.6786,12.7015,12.7581,12.8485,12.9729,13.1314,13.3241,13.5513,13.8131,14.1099,14.4419,14.8094,15.2129,15.6525,16.1288,16.6422,17.1931,17.782,18.4094,19.0758,19.7817,20.5278,21.3145,22.1425
422.791,18.4162,17.8364,17.2944,16.7896,16.3218,15.8905,15.4955,15.1364,14.8129,14.5248,14.2719,14.0539,13.8708,13.7223,13.6083,13.5289,13.4838,13.4732,13.497,13.5553,13.648,13.7754,13.9376,14.1347,14.3669,14.6345,14.9376,15.2766,15.6517,16.0634,16.5118,16.9975,17.5208,18.0822,18.6821,19.321,19.9993,20.7177,21.4766,22.2767,23.1184
436.834,19.3089,18.7195,18.1683,17.655,17.1792,16.7405,16.3387,15.9733,15.6443,15.3512,15.0939,14.8723,14.6861,14.5352,14.4195,14.339,14.2935,14.2832,14.3079,14.3677,14.4627,14.593,14.7588,14.9601,15.1971,15.4701,15.7794,16.125,16.5075,16.927,17.3839,17.8786,18.4114,18.9828,19.5933,20.2432,20.933,21.6633,22.4346,23.2474,24.1022
450.877,20.213,19.6143,19.0544,18.5329,18.0494,17.6036,17.1952,16.8239,16.4895,16.1917,15.9302,15.705,15.5159,15.3627,15.2454,15.1638,15.118,15.1078,15.1334,15.1948,15.292,15.4251,15.5942,15.7995,16.0412,16.3195,16.6346,16.9867,17.3761,17.8032,18.2682,18.7715,19.3135,19.8945,20.5151,21.1756,21.8764,22.6182,23.4013,24.2262,25.0936
464.92,21.1279,20.5204,19.9521,19.4227,18.9319,18.4793,18.0646,17.6876,17.348,17.0456,16.7802,16.5516,16.3596,16.2042,16.0853,16.0027,15.9565,15.9466,15.9731,16.0359,16.1352,16.2709,16.4434,16.6526,16.8987,17.182,17.5027,17.8609,18.2571,18.6914,19.1642,19.6757,20.2265,20.8168,21.4471,22.1177,22.8291,23.5818,24.3763,25.213,26.0924
476.788,21.9086,21.2939,20.7188,20.183,19.6861,19.228,18.8082,18.4265,18.0827,17.7765,17.5079,17.2765,17.0822,16.9251,16.8048,16.7215,16.6749,16.6653,16.6924,16.7564,16.8574,16.9953,17.1704,17.3828,17.6326,17.92,18.2452,18.6085,19.0101,19.4503,19.9294,20.4478,21.0057,21.6035,22.2417,22.9206,23.6407,24.4023,25.206,26.0523,26.9415
488.655,22.6965,22.0748,21.4931,20.9511,20.4485,19.985,19.5603,19.1741,18.8262,18.5165,18.2446,18.0106,17.8141,17.6552,17.5337,17.4496,17.4028,17.3933,17.4211,17.4863,17.5888,17.7289,17.9066,18.122,18.3753,18.6667,18.9963,19.3645,19.7713,20.2173,20.7025,21.2273,21.7922,22.3973,23.0431,23.73,24.4584,25.2287,26.0413,26.8968,27.7955
500.523,23.4914,22.863,22.275,21.727,21.2188,20.7501,20.3206,19.93,19.5783,19.265,18.9902,18.7535,18.555,18.3944,18.2717,18.1868,18.1397,18.1304,18.1588,18.2251,18.3293,18.4714,18.6516,18.8699,19.1266,19.4218,19.7557,20.1285,20.5405,20.9919,21.4831,22.0142,22.5857,23.1978,23.851,24.5456,25.282,26.0607,26.8819,27.7463,28.6542
512.39,24.2931,23.6582,23.064,22.5102,21.9966,21.5229,21.0888,20.6941,20.3385,20.022,19.7442,19.505,19.3044,19.1422,19.0183,18.9327,18.8854,18.8762,18.9053,18.9727,19.0784,19.2224,19.405,19.6262,19.8862,20.1851,20.5231,20.9004,21.3174,21.7741,22.2709,22.8081,23.386,24.005,24.6653,25.3673,26.1115,26.8981,27.7277,28.6007,29.5174
524.258,25.1013,24.4601,23.86,23.3006,22.7819,22.3033,21.8648,21.466,21.1068,20.787,20.5063,20.2648,20.0622,19.8984,19.7734,19.6872,19.6395,19.6306,19.6603,19.7287,19.8358,19.9818,20.1667,20.3906,20.6537,20.9562,21.2982,21.6799,22.1016,22.5634,23.0658,23.6088,24.1929,24.8184,25.4856,26.1948,26.9465,27.7409,28.5785,29.4598,30.385
536.125,25.9157,25.2685,24.6626,24.098,23.5741,23.0909,22.6481,22.2454,21.8827,21.5598,21.2764,21.0325,20.828,20.6628,20.5367,20.4497,20.4019,20.3931,20.4233,20.4927,20.6013,20.7491,20.9363,21.1628,21.429,21.7349,22.0807,22.4667,22.8929,23.3597,23.8674,24.4161,25.0062,25.638,26.3118,27.0279,27.7868,28.5887,29.4341,30.3234,31.2569
547.993,26.7363,26.0832,25.4718,24.9019,24.3733,23.8856,23.4386,23.0322,22.666,22.3401,22.0541,21.808,21.6016,21.4349,21.3078,21.2202,21.1721,21.1634,21.1943,21.2647,21.3746,21.5242,21.7135,21.9426,22.2117,22.5209,22.8705,23.2605,23.6911,24.1627,24.6755,25.2297,25.8256,26.4635,27.1437,27.8665,28.6323,29.4415,30.2944,31.1913,32.1328
559.86,27.5627,26.9039,26.2872,25.7124,25.179,24.687,24.236,23.8259,23.4565,23.1276,22.8391,22.5909,22.3827,22.2146,22.0865,21.9982,21.9499,21.9414,21.9728,22.0441,22.1554,22.3067,22.498,22.7296,23.0016,23.314,23.6671,24.061,24.496,24.9722,25.4899,26.0494,26.6509,27.2946,27.981,28.7103,29.4829,30.299,31.1591,32.0635,33.0126
571.728,28.3947,27.7305,27.1087,26.529,25.9911,25.4949,25.0401,24.6265,24.2539,23.9222,23.6313,23.3809,23.171,23.0016,22.8725,22.7836,22.7351,22.7267,22.7587,22.8309,22.9434,23.0963,23.2897,23.5237,23.7984,24.1139,24.4705,24.8682,25.3073,25.788,26.3104,26.875,27.4818,28.1313,28.8236,29.5592,30.3382,31.1611,32.0281,32.9398,33.8963
583.595,29.2322,28.5628,27.936,27.3516,26.8094,26.3091,25.8506,25.4336,25.058,24.7236,24.4302,24.1779,23.9663,23.7956,23.6655,23.5761,23.5273,23.5191,23.5516,23.6247,23.7384,23.8929,24.0883,24.3246,24.6019,24.9204,25.2803,25.6817,26.1247,26.6097,27.1368,27.7062,28.3183,28.9732,29.6713,30.4129,31.1982,32.0276,32.9014,33.8199,34.7836
595.463,30.075,29.4005,28.7689,28.18,27.6336,27.1294,26.6673,26.247,25.8685,25.5314,25.2358,24.9815,24.7684,24.5964,24.4654,24.3754,24.3264,24.3184,24.3513,24.4252,24.5402,24.6963,24.8935,25.132,25.4119,25.7333,26.0964,26.5013,26.9482,27.4373,27.9688,28.543,29.1601,29.8203,30.524,31.2713,32.0627,32.8983,33.7786,34.7039,35.6745
607.33,30.8403,30.1775,29.5547,28.972,28.43,27.9289,27.4686,27.0495,26.6715,26.3347,26.039,25.7845,25.5712,25.399,25.2679,25.178,25.1293,25.1217,25.1552,25.23,25.346,25.5033,25.702,25.9421,26.2238,26.5471,26.912,27.3188,27.7675,28.2582,28.791,29.366,29.9831,30.6424,31.3438,32.0873,32.8725,33.6993,34.5672,35.4754,36.4233
619.198,31.523,30.8825,30.2781,29.7108,29.1814,28.6904,28.2386,27.8261,27.4535,27.121,26.8288,26.5771,26.366,26.1956,26.066,25.9774,25.9298,25.9231,25.9576,26.0332,26.1499,26.3079,26.5071,26.7476,27.0294,27.3524,27.7167,28.1223,28.5691,29.0569,29.5857,30.1553,30.7652,31.4153,32.105,32.8337,33.6007,34.405,35.2455,36.1208,37.0291
631.065,32.1631,31.5443,30.9594,30.4094,29.8953,29.4177,28.9774,28.575,28.2109,27.8857,27.5997,27.3532,27.1465,26.9798,26.8533,26.7671,26.7215,26.7164,26.7519,26.8282,26.9452,27.103,27.3016,27.5409,27.8208,28.1413,28.5022,28.9035,29.3447,29.8257,30.3461,30.9055,31.5033,32.139,32.8118,33.5207,34.2649,35.0432,35.8542,36.6963,37.568
642.933,32.7726,32.1747,31.6091,31.0769,30.5788,30.1158,29.6886,29.2978,28.9441,28.6279,28.3498,28.1101,27.9093,27.7475,27.6251,27.5423,27.4992,27.4959,27.5326,27.6094,27.7261,27.8829,28.0797,28.3163,28.5927,28.9087,29.264,29.6583,30.0914,30.5627,31.0718,31.6181,32.2009,32.8195,33.4729,34.1603,34.8804,35.6321,36.4139,37.2245,38.0621
654.8,33.3575,32.7798,32.2332,31.7185,31.2367,30.7886,30.375,29.9966,29.654,29.3478,29.0785,28.8466,28.6524,28.4963,28.3786,28.2995,28.2592,28.2579,28.2957,28.3725,28.4885,28.6435,28.8376,29.0705,29.342,29.652,30,30.3858,30.8088,31.2687,31.7647,32.2962,32.8626,33.4628,34.096,34.7611,35.457,36.1825,36.9362,37.7167,38.5224
666.668,33.9213,33.3631,32.8349,32.3374,31.8717,31.4386,31.0388,30.673,30.3419,30.046,29.7859,29.5621,29.3749,29.2248,29.112,29.0368,28.9994,28.9999,29.0385,29.1151,29.2298,29.3825,29.5731,29.8014,30.0671,30.3701,30.7098,31.0859,31.4979,31.9452,32.4272,32.9432,33.4923,34.0737,34.6864,35.3293,36.0014,36.7014,37.428,38.1798,38.9554
678.536,34.4659,33.9267,33.4163,32.9357,32.4858,32.0674,31.6812,31.328,31.0083,30.7228,30.472,30.2563,30.0762,29.9321,29.8243,29.7529,29.7183,29.7205,29.7596,29.8357,29.9487,30.0986,30.2852,30.5083,30.7677,31.0629,31.3936,31.7594,32.1598,32.594,33.0615,33.5616,34.0933,34.6558,35.2482,35.8694,36.5182,37.1935,37.8941,38.6185,39.3655
690.403,34.9928,34.4718,33.9788,33.5147,33.0802,32.6762,32.3034,31.9624,31.654,31.3787,31.137,30.9294,30.7563,30.6181,30.515,30.4473,30.4153,30.4189,30.4584,30.5336,30.6447,30.7914,30.9736,31.1912,31.4437,31.7308,32.0522,32.4074,32.7958,33.2168,33.6697,34.1537,34.6681,35.212,35.7844,36.3843,37.0106,37.6621,38.3376,39.0359,39.7556
702.271,35.5028,34.9996,34.5234,34.0752,33.6557,33.2656,32.9058,32.5769,32.2795,32.0141,31.7813,31.5816,31.4152,31.2827,31.1842,31.1199,31.0902,31.0951,31.1346,31.2088,31.3176,31.4609,31.6385,31.8502,32.0957,32.3746,32.6865,33.0309,33.4072,33.8149,34.2533,34.7215,35.2189,35.7445,36.2974,36.8766,37.481,38.1096,38.7611,39.4342,40.1278
714.138,35.9966,35.5105,35.0507,34.6179,34.2129,33.8364,33.4892,33.172,32.8852,32.6294,32.4052,32.213,32.0532,31.926,31.8318,31.7709,31.7433,31.7491,31.7885,31.8614,31.9678,32.1075,32.2803,32.486,32.7244,32.9949,33.2972,33.6309,33.9953,34.3898,34.8139,35.2666,35.7473,36.2551,36.789,37.3481,37.9315,38.5379,39.1662,39.8153,40.484
726.006,36.4747,36.0053,35.5612,35.1433,34.7523,34.389,34.054,33.748,33.4715,33.225,33.0091,32.8242,32.6705,32.5485,32.4584,32.4004,32.3747,32.3814,32.4205,32.4919,32.5957,32.7317,32.8996,33.0993,33.3305,33.5927,33.8855,34.2085,34.5611,34.9428,35.3527,35.7903,36.2547,36.7452,37.2607,37.8004,38.3634,38.9484,39.5545,40.1805,40.8253
737.873,36.9375,36.4841,36.0553,35.6519,35.2745,34.9239,34.6007,34.3055,34.0389,33.8014,33.5934,33.4154,33.2676,33.1505,33.0643,33.0091,32.9851,32.9923,33.0309,33.1008,33.2019,33.3341,33.4971,33.6908,33.9148,34.1688,34.4523,34.7648,35.1058,35.4748,35.871,36.2938,36.7424,37.2161,37.7138,38.2348,38.778,39.3425,39.9272,40.531,41.1527
749.741,37.3853,36.9476,36.5336,36.1441,35.7798,35.4415,35.1296,34.8449,34.5878,34.3589,34.1585,33.9871,33.8451,33.7326,33.6499,33.5973,33.5748,33.5825,33.6205,33.6888,33.7871,33.9155,34.0736,34.2613,34.4782,34.724,34.9983,35.3006,35.6303,35.9869,36.3698,36.7783,37.2115,37.6688,38.1494,38.6522,39.1764,39.7211,40.2852,40.8676,41.4673
761.608,37.8187,37.396,36.9963,36.6203,36.2687,35.9421,35.6413,35.3666,35.1187,34.898,34.705,34.5399,34.4032,34.2951,34.2159,34.1656,34.1445,34.1526,34.1899,34.2563,34.3519,34.4764,34.6297,34.8115,35.0215,35.2593,35.5246,35.8168,36.1355,36.4801,36.85,37.2445,37.6629,38.1045,38.5683,39.0537,39.5596,40.0852,40.6294,41.1912,41.7697
773.476,38.2379,37.8297,37.4438,37.0808,36.7415,36.4264,36.1361,35.8711,35.632,35.4193,35.2332,35.0743,34.9427,34.8387,34.7627,34.7146,34.6947,34.703,34.7395,34.8042,34.897,35.0177,35.1662,35.3422,35.5454,35.7754,36.0319,36.3143,36.6223,36.9552,37.3125,37.6935,38.0975,38.5238,38.9716,39.44,39.9283,40.4354,40.9605,41.5026,42.0606
785.343,38.6432,38.2491,37.8766,37.5262,37.1987,36.8946,36.6144,36.3588,36.1283,35.9231,35.7438,35.5906,35.4639,35.3639,35.2909,35.2449,35.2261,35.2346,35.2702,35.3331,35.4231,35.5401,35.6838,35.8541,36.0506,36.273,36.5209,36.7939,37.0914,37.413,37.7581,38.126,38.5161,38.9276,39.3598,39.812,40.2832,40.7726,41.2792,41.8022,42.3406
797.211,39.0351,38.6546,38.295,37.9568,37.6406,37.3471,37.0769,36.8303,36.6078,36.41,36.2371,36.0895,35.9675,35.8713,35.8011,35.757,35.7392,35.7477,35.7825,35.8436,35.9308,36.0441,36.1832,36.3479,36.5379,36.7529,36.9924,37.2562,37.5436,37.8542,38.1875,38.5427,38.9193,39.3166,39.7338,40.1702,40.625,41.0972,41.5861,42.0908,42.6102
809.078,39.4139,39.0466,38.6994,38.3729,38.0678,37.7846,37.5237,37.2858,37.0713,36.8805,36.7138,36.5715,36.454,36.3613,36.2938,36.2516,36.2347,36.2432,36.2771,36.3363,36.4208,36.5305,36.665,36.8243,37.0079,37.2157,37.4472,37.7019,37.9796,38.2796,38.6014,38.9443,39.3079,39.6914,40.0942,40.5153,40.9542,41.41,41.8818,42.3687,42.8699
820.946,39.78,39.4254,39.0902,38.7751,38.4806,38.2072,37.9556,37.726,37.519,37.335,37.1742,37.0371,36.9238,36.8346,36.7697,36.7291,36.7131,36.7215,36.7545,36.8119,36.8937,36.9998,37.1299,37.2838,37.4613,37.6621,37.8857,38.1318,38.4,38.6896,39.0003,39.3315,39.6825,40.0527,40.4414,40.8479,41.2715,41.7113,42.1666,42.6365,43.1201
832.813,40.1337,39.7914,39.4679,39.1637,38.8794,38.6156,38.3727,38.1512,37.9515,37.774,37.619,37.4867,37.3776,37.2916,37.2291,37.1902,37.1749,37.1833,37.2153,37.2709,37.3501,37.4527,37.5785,37.7273,37.8988,38.0927,38.3087,38.5464,38.8054,39.0851,39.3851,39.7048,40.0436,40.401,40.7762,41.1685,41.5773,42.0018,42.4412,42.8946,43.3613
844.681,40.4755,40.145,39.8327,39.5391,39.2647,39.0101,38.7757,38.562,38.3693,38.1981,38.0485,37.921,37.8158,37.733,37.6728,37.6354,37.6208,37.629,37.6601,37.714,37.7906,37.8898,38.0113,38.1551,38.3208,38.5081,38.7168,38.9463,39.1964,39.4664,39.7561,40.0647,40.3918,40.7368,41.0989,41.4776,41.8722,42.2818,42.7058,43.1434,43.5937
856.549,40.8056,40.4866,40.1852,39.9017,39.6369,39.3912,39.165,38.9587,38.7728,38.6076,38.4634,38.3404,38.2389,38.1591,38.1012,38.0652,38.0512,38.0593,38.0894,38.1416,38.2157,38.3116,38.4291,38.568,38.728,38.9089,39.1104,39.3321,39.5735,39.8343,40.1139,40.4119,40.7276,41.0606,41.4101,41.7757,42.1564,42.5518,42.961,43.3833,43.8179
868.416,41.1245,40.8165,40.5256,40.252,39.9964,39.7592,39.5409,39.3419,39.1625,39.0031,38.8639,38.7453,38.6475,38.5705,38.5147,38.4801,38.4667,38.4746,38.5039,38.5543,38.626,38.7186,38.8321,38.9663,39.1209,39.2957,39.4902,39.7042,39.9374,40.1891,40.459,40.7467,41.0515,41.3729,41.7103,42.0631,42.4306,42.8122,43.2071,43.6146,44.034
891.265,41.6991,41.4111,41.139,40.8832,40.6442,40.4224,40.2183,40.0323,39.8646,39.7156,39.5856,39.4748,39.3834,39.3116,39.2595,39.2273,39.215,39.2225,39.25,39.2974,39.3645,39.4513,39.5576,39.6832,39.8279,39.9915,40.1735,40.3738,40.5919,40.8274,41.0799,41.3489,41.6339,41.9345,42.25,42.5799,42.9235,43.2803,43.6495,44.0305,44.4226
914.113,42.2369,41.9676,41.7131,41.4739,41.2504,41.043,40.8522,40.6783,40.5215,40.3822,40.2607,40.1572,40.0718,40.0048,39.9562,39.9262,39.9147,39.9219,39.9478,39.9922,40.0551,40.1363,40.2359,40.3534,40.4889,40.6419,40.8122,40.9995,41.2035,41.4238,41.66,41.9115,42.1781,42.4592,42.7542,43.0627,43.384,43.7176,44.0628,44.419,44.7856
936.962,42.74,42.4882,42.2502,42.0265,41.8175,41.6236,41.4452,41.2826,41.1361,41.0059,40.8923,40.7956,40.7158,40.6532,40.6078,40.5798,40.5692,40.576,40.6002,40.6418,40.7007,40.7768,40.87,40.98,41.1067,41.2498,41.4092,41.5844,41.7752,41.9812,42.2021,42.4374,42.6867,42.9495,43.2254,43.5138,43.8143,44.1262,44.449,44.782,45.1248
959.811,43.2107,42.9752,42.7527,42.5435,42.3481,42.1668,42,41.8479,41.7109,41.5892,41.4831,41.3926,41.3181,41.2596,41.2172,41.1911,41.1812,41.1877,41.2104,41.2493,41.3045,41.3757,41.4628,41.5658,41.6843,41.8182,41.9672,42.1311,42.3096,42.5023,42.7088,42.9289,43.162,43.4078,43.6658,43.9355,44.2164,44.5081,44.8099,45.1213,45.4417
982.659,43.6511,43.4308,43.2227,43.0271,42.8444,42.6749,42.5189,42.3767,42.2486,42.1349,42.0356,41.9511,41.8814,41.8267,41.7872,41.7628,41.7536,41.7596,41.7809,41.8174,41.869,41.9356,42.0172,42.1134,42.2243,42.3496,42.489,42.6423,42.8092,42.9894,43.1825,43.3883,43.6063,43.8361,44.0774,44.3296,44.5923,44.865,45.1472,45.4383,45.738
1.01E+03,44.0629,43.8569,43.6623,43.4794,43.3086,43.1501,43.0042,42.8713,42.7515,42.6452,42.5524,42.4733,42.4082,42.3571,42.3201,42.2974,42.2888,42.2945,42.3144,42.3486,42.3969,42.4592,42.5355,42.6255,42.7292,42.8464,42.9768,43.1201,43.2762,43.4447,43.6254,43.8178,44.0216,44.2366,44.4621,44.698,44.9436,45.1986,45.4625,45.7347,46.0149
1.03E+03,44.4481,44.2555,44.0735,43.9025,43.7427,43.5945,43.4581,43.3338,43.2219,43.1224,43.0357,42.9618,42.9009,42.8531,42.8186,42.7973,42.7893,42.7947,42.8133,42.8453,42.8904,42.9487,43.0201,43.1043,43.2013,43.3109,43.4328,43.5669,43.7128,43.8704,44.0394,44.2193,44.4099,44.6109,44.8218,45.0424,45.272,45.5105,45.7572,46.0118,46.2738
1.05E+03,44.8083,44.6283,44.4581,44.2982,44.1488,44.0102,43.8826,43.7664,43.6617,43.5687,43.4876,43.4185,43.3616,43.317,43.2847,43.2648,43.2573,43.2624,43.2798,43.3097,43.352,43.4065,43.4732,43.552,43.6427,43.7452,43.8592,43.9846,44.1211,44.2685,44.4264,44.5947,44.773,44.9609,45.1581,45.3643,45.5791,45.8021,46.0328,46.2708,46.5158
1.07E+03,45.1452,44.9768,44.8177,44.6682,44.5285,44.3989,44.2796,44.171,44.0731,43.9861,43.9103,43.8457,43.7925,43.7507,43.7205,43.702,43.695,43.6997,43.7161,43.744,43.7835,43.8345,43.8969,43.9706,44.0555,44.1513,44.2579,44.3752,44.5028,44.6406,44.7883,44.9457,45.1124,45.2881,45.4726,45.6654,45.8662,46.0747,46.2904,46.513,46.742
1.10E+03,45.4603,45.3028,45.154,45.0142,44.8836,44.7624,44.6509,44.5493,44.4577,44.3764,44.3055,44.2451,44.1954,44.1564,44.1281,44.1108,44.1043,44.1087,44.124,44.1501,44.1871,44.2348,44.2932,44.3621,44.4414,44.531,44.6307,44.7404,44.8597,44.9886,45.1267,45.2739,45.4297,45.5941,45.7665,45.9468,46.1346,46.3296,46.5313,46.7394,46.9536
1.14E+03,46.0027,45.864,45.733,45.6098,45.4948,45.3881,45.29,45.2005,45.1199,45.0483,44.9859,44.9327,44.8889,44.8545,44.8297,44.8144,44.8087,44.8126,44.8261,44.8491,44.8816,44.9237,44.9751,45.0357,45.1056,45.1845,45.2723,45.3689,45.474,45.5875,45.7091,45.8386,45.9759,46.1206,46.2725,46.4312,46.5966,46.7682,46.9458,47.1291,47.3177
1.19E+03,46.4802,46.3581,46.2428,46.1344,46.0331,45.9391,45.8527,45.7739,45.7029,45.6399,45.5849,45.5381,45.4996,45.4693,45.4474,45.434,45.429,45.4324,45.4443,45.4646,45.4932,45.5302,45.5755,45.6289,45.6904,45.7599,45.8372,45.9223,46.0148,46.1147,46.2218,46.3359,46.4568,46.5842,46.7179,46.8577,47.0033,47.1544,47.3108,47.4722,47.6382
1.23E+03,46.9008,46.7933,46.6917,46.5962,46.507,46.4243,46.3482,46.2788,46.2164,46.1609,46.1125,46.0712,46.0373,46.0107,45.9914,45.9795,45.9751,45.9781,45.9886,46.0065,46.0317,46.0643,46.1042,46.1512,46.2054,46.2666,46.3347,46.4095,46.491,46.579,46.6733,46.7737,46.8802,46.9923,47.1101,47.2332,47.3614,47.4944,47.6321,47.7742,47.9204
1.28E+03,47.2711,47.1764,47.087,47.0029,46.9244,46.8515,46.7845,46.7234,46.6684,46.6196,46.5769,46.5407,46.5108,46.4873,46.4704,46.4599,46.456,46.4587,46.4679,46.4836,46.5059,46.5346,46.5697,46.6111,46.6588,46.7127,46.7726,46.8385,46.9103,46.9878,47.0708,47.1592,47.2529,47.3517,47.4554,47.5638,47.6767,47.7938,47.9151,48.0402,48.1689
1.32E+03,47.5971,47.5138,47.435,47.361,47.2919,47.2277,47.1687,47.1149,47.0665,47.0235,46.9859,46.954,46.9277,46.907,46.8921,46.8829,46.8795,46.8818,46.8899,46.9038,46.9234,46.9486,46.9795,47.016,47.058,47.1055,47.1582,47.2163,47.2795,47.3477,47.4208,47.4987,47.5812,47.6682,47.7594,47.8549,47.9543,48.0574,48.1642,48.2744,48.3877
1.36E+03,47.8842,47.8108,47.7415,47.6763,47.6154,47.559,47.507,47.4597,47.417,47.3791,47.3461,47.3179,47.2948,47.2766,47.2634,47.2554,47.2523,47.2544,47.2615,47.2737,47.291,47.3132,47.3404,47.3726,47.4095,47.4513,47.4978,47.5489,47.6045,47.6646,47.729,47.7976,47.8702,47.9468,48.0272,48.1112,48.1987,48.2896,48.3836,48.4806,48.5804
1.45E+03,48.3359,48.2781,48.2236,48.1723,48.1245,48.08,48.0392,48.0019,47.9684,47.9386,47.9126,47.8905,47.8722,47.8579,47.8476,47.8412,47.8389,47.8405,47.8461,47.8557,47.8693,47.8868,47.9082,47.9334,47.9625,47.9954,48.0319,48.0721,48.1159,48.1631,48.2138,48.2677,48.3248,48.3851,48.4483,48.5144,48.5832,48.6547,48.7286,48.8049,48.8834
1.54E+03,48.6911,48.6457,48.6028,48.5625,48.5248,48.4899,48.4577,48.4284,48.4021,48.3786,48.3582,48.3408,48.3264,48.3152,48.3071,48.3021,48.3002,48.3015,48.3059,48.3134,48.3241,48.3379,48.3547,48.3746,48.3974,48.4233,48.452,48.4837,48.5181,48.5552,48.5951,48.6375,48.6824,48.7298,48.7795,48.8315,48.8857,48.9419,49,49.06,49.1218
1.63E+03,48.9705,48.9348,48.901,48.8693,48.8397,48.8122,48.787,48.7639,48.7432,48.7247,48.7086,48.695,48.6837,48.6748,48.6684,48.6645,48.663,48.664,48.6675,48.6735,48.6818,48.6927,48.7059,48.7215,48.7395,48.7599,48.7825,48.8073,48.8344,48.8636,48.895,48.9283,48.9637,49.0009,49.0401,49.0809,49.1235,49.1677,49.2135,49.2607,49.3092
1.81E+03,48.9061,48.9012,48.8962,48.8912,48.8862,48.8815,48.8769,48.8726,48.8688,48.8653,48.8623,48.8599,48.858,48.8567,48.856,48.856,48.8566,48.8578,48.8598,48.8623,48.8656,48.8694,48.8739,48.8789,48.8845,48.8905,48.897,48.9039,48.9111,48.9186,48.9263,48.9341,48.9419,48.9496,48.9571,48.9644,48.9712,48.9776,48.9833,48.9882,48.9922
1.83E+03,48.6773,48.7122,48.7406,48.7635,48.782,48.7968,48.8087,48.8183,48.8259,48.832,48.837,48.8411,48.8446,48.8475,48.8502,48.8527,48.855,48.8573,48.8596,48.8619,48.8641,48.8663,48.8684,48.8703,48.8719,48.8731,48.8737,48.8734,48.8721,48.8694,48.8651,48.8585,48.8494,48.837,48.8208,48.7997,48.773,48.7393,48.6973,48.6454,48.5816
1.85E+03,48.3506,48.4241,48.4875,48.5421,48.5889,48.6291,48.6634,48.6927,48.7176,48.7387,48.7565,48.7716,48.7842,48.7948,48.8035,48.8105,48.8162,48.8204,48.8234,48.8251,48.8255,48.8246,48.8222,48.8182,48.8125,48.8046,48.7943,48.7813,48.7651,48.7452,48.7209,48.6916,48.6565,48.6147,48.5651,48.5067,48.438,48.3577,48.264,48.1553,48.0296
1.86E+03,47.9552,48.0652,48.1627,48.2489,48.3249,48.3918,48.4503,48.5014,48.5459,48.5844,48.6175,48.6458,48.6697,48.6896,48.7058,48.7187,48.7283,48.7349,48.7385,48.7391,48.7368,48.7314,48.7227,48.7105,48.6946,48.6746,48.6501,48.6206,48.5854,48.544,48.4956,48.4394,48.3743,48.2995,48.2137,48.1156,48.0039,47.8771,47.7336,47.5716,47.3893
1.88E+03,47.5036,47.6484,47.7787,47.8956,48.0002,48.0935,48.1764,48.2498,48.3144,48.371,48.4201,48.4623,48.4982,48.5281,48.5524,48.5713,48.5851,48.5939,48.5978,48.5969,48.5909,48.5799,48.5636,48.5418,48.5141,48.4801,48.4393,48.3912,48.3351,48.2703,48.1959,48.1111,48.0149,47.9062,47.7838,47.6464,47.4927,47.3211,47.1302,46.9184,46.6837
1.90E+03,47.0024,47.1803,47.3419,47.4884,47.6206,47.7396,47.8463,47.9416,48.026,48.1005,48.1655,48.2217,48.2695,48.3093,48.3415,48.3663,48.384,48.3948,48.3985,48.3954,48.3852,48.3679,48.3431,48.3107,48.2703,48.2214,48.1634,48.0959,48.0181,47.9292,47.8285,47.715,47.5877,47.4455,47.2873,47.1117,46.9176,46.7035,46.4678,46.2091,45.9256
1.92E+03,46.4554,46.665,46.8565,47.0312,47.1899,47.3336,47.4633,47.5795,47.6832,47.7749,47.8553,47.9249,47.9841,48.0335,48.0732,48.1036,48.1248,48.137,48.1402,48.1345,48.1196,48.0955,48.0619,48.0185,47.965,47.9008,47.8255,47.7384,47.6388,47.526,47.3992,47.2575,47.0998,46.9251,46.7323,46.5202,46.2875,46.0329,45.7549,45.4521,45.1229
1.93E+03,45.8654,46.105,46.3251,46.5267,46.7107,46.8781,47.0296,47.166,47.2879,47.3962,47.4912,47.5736,47.6437,47.702,47.7487,47.7841,47.8084,47.8217,47.824,47.8153,47.7955,47.7644,47.7218,47.6673,47.6006,47.5212,47.4286,47.3222,47.2013,47.0652,46.913,46.7439,46.5569,46.3509,46.125,45.878,45.6086,45.3156,44.9975,44.6531,44.2809
1.95E+03,45.2344,45.5026,45.7499,45.9772,46.1853,46.3751,46.5474,46.7029,46.8423,46.9662,47.0751,47.1695,47.2498,47.3164,47.3697,47.4097,47.4366,47.4507,47.4518,47.4399,47.415,47.3768,47.3252,47.2597,47.18,47.0857,46.9762,46.851,46.7094,46.5506,46.3739,46.1785,45.9633,45.7275,45.47,45.1897,44.8854,44.556,44.2001,43.8164,43.4036
1.97E+03,44.564,44.8595,45.1327,45.3843,45.6154,45.8265,46.0186,46.1923,46.3482,46.4869,46.6088,46.7146,46.8045,46.8789,46.9381,46.9823,47.0116,47.0261,47.0257,47.0106,46.9805,46.9353,46.8747,46.7984,46.7061,46.5973,46.4715,46.328,46.1664,45.9859,45.7857,45.565,45.323,45.0587,44.7711,44.4591,44.1217,43.7577,43.366,42.9452,42.494
1.99E+03,43.8559,44.1774,44.4752,44.7501,45.0028,45.2343,45.4451,45.636,45.8075,45.9602,46.0945,46.211,46.3099,46.3916,46.4563,46.5042,46.5355,46.5502,46.5483,46.5298,46.4946,46.4424,46.3731,46.2864,46.1817,46.0589,45.9173,45.7564,45.5756,45.3742,45.1515,44.9067,44.6391,44.3476,44.0313,43.6893,43.3205,42.9238,42.498,42.042,41.5546
2.00E+03,43.1116,43.4579,43.779,44.076,44.3495,44.6002,44.8288,45.036,45.2223,45.3882,45.5342,45.6606,45.768,45.8564,45.9262,45.9776,46.0106,46.0254,46.0219,46,45.9597,45.9008,45.823,45.7261,45.6096,45.4733,45.3165,45.1388,44.9397,44.7183,44.4742,44.2064,43.9143,43.597,43.2535,42.8829,42.4843,42.0565,41.5985,41.1093,40.5875
2.02E+03,42.3327,42.7025,43.0459,43.3638,43.6569,43.9259,44.1714,44.3941,44.5943,44.7727,44.9297,45.0657,45.1809,45.2757,45.3502,45.4047,45.4393,45.454,45.4487,45.4236,45.3783,45.3128,45.2268,45.1201,44.9923,44.843,44.6717,44.478,44.2613,44.0209,43.7563,43.4667,43.1513,42.8094,42.44,42.0423,41.6154,41.1581,40.6697,40.1488,39.5945
2.04E+03,41.6585,42.0471,42.4084,42.7431,43.0519,43.3355,43.5945,43.8295,44.0409,44.2293,44.395,44.5385,44.66,44.7598,44.8381,44.895,44.9308,44.9453,44.9386,44.9107,44.8614,44.7906,44.698,44.5833,44.4463,44.2866,44.1036,43.897,43.6662,43.4106,43.1295,42.8224,42.4884,42.1267,41.7366,41.3173,40.8677,40.3869,39.874,39.328,38.7477
2.05E+03,40.9619,41.3685,41.7468,42.0976,42.4215,42.7191,42.991,43.2378,43.4599,43.6578,43.8319,43.9825,44.11,44.2145,44.2963,44.3556,44.3923,44.4067,44.3986,44.3679,44.3147,44.2387,44.1397,44.0174,43.8716,43.7018,43.5076,43.2886,43.0442,42.7739,42.4771,42.1532,41.8013,41.4208,41.0108,40.5707,40.0994,39.5961,39.0599,38.4897,37.8846
2.06E+03,40.2436,40.6675,41.0622,41.4284,41.7667,42.0777,42.3619,42.62,42.8523,43.0593,43.2414,43.3988,43.532,43.641,43.7262,43.7875,43.8253,43.8394,43.8298,43.7966,43.7395,43.6585,43.5533,43.4237,43.2693,43.0898,42.8849,42.6539,42.3966,42.1122,41.8003,41.4602,41.0912,40.6926,40.2637,39.8036,39.3116,38.7868,38.2282,37.635,37.0061
2.08E+03,39.5046,39.945,40.3554,40.7363,41.0884,41.4122,41.7083,41.9772,42.2192,42.4349,42.6246,42.7885,42.9271,43.0404,43.1287,43.1921,43.2307,43.2446,43.2336,43.1978,43.137,43.0512,42.94,42.8033,42.6407,42.452,42.2366,41.9943,41.7245,41.4266,41.1002,40.7446,40.3592,39.9433,39.4962,39.0171,38.5052,37.9597,37.3798,36.7645,36.1129
2.09E+03,38.7455,39.2019,39.6272,40.0223,40.3876,40.7237,41.0311,41.3102,41.5616,41.7856,41.9826,42.1527,42.2964,42.4138,42.5051,42.5704,42.6099,42.6234,42.6111,42.5728,42.5084,42.4179,42.301,42.1575,41.987,41.7894,41.5641,41.3107,41.0289,40.7182,40.3779,40.0075,39.6063,39.1738,38.7093,38.212,37.6811,37.1158,36.5154,35.879,35.2057
2.11E+03,37.9673,38.4388,38.8786,39.2872,39.6651,40.0129,40.3312,40.6202,40.8805,41.1125,41.3163,41.4924,41.641,41.7623,41.8565,41.9236,41.9638,41.977,41.9633,41.9226,41.8549,41.7598,41.6374,41.4873,41.3093,41.1031,40.8682,40.6044,40.3111,39.9879,39.6343,39.2497,38.8335,38.3851,37.9039,37.3891,36.84,36.2559,35.6359,34.9793,34.2851
2.12E+03,37.1706,37.6567,38.1103,38.5318,38.9219,39.2809,39.6095,39.908,40.1769,40.4164,40.6269,40.8087,40.962,41.087,41.1838,41.2526,41.2935,41.3064,41.2914,41.2484,41.1773,41.078,40.9502,40.7939,40.6086,40.3941,40.1501,39.8762,39.5719,39.2368,38.8704,38.4722,38.0416,37.578,37.0808,36.5493,35.9828,35.3805,34.7418,34.0659,33.3518
2.14E+03,36.3563,36.8564,37.3231,37.757,38.1587,38.5285,38.867,39.1746,39.4516,39.6983,39.9152,40.1024,40.2602,40.3887,40.4881,40.5586,40.6001,40.6127,40.5964,40.5512,40.4769,40.3734,40.2405,40.0781,39.8859,39.6635,39.4107,39.1271,38.8123,38.4658,38.0872,37.676,37.2316,36.7534,36.2409,35.6933,35.1101,34.4906,33.8339,33.1395,32.4064
2.15E+03,35.525,36.0384,36.5178,36.9636,37.3764,37.7565,38.1045,38.4207,38.7055,38.9592,39.1822,39.3745,39.5366,39.6685,39.7704,39.8423,39.8845,39.8968,39.8793,39.8319,39.7545,39.647,39.5093,39.3411,39.1421,38.9122,38.651,38.3581,38.0332,37.6758,37.2855,36.8618,36.4041,35.912,35.3848,34.8219,34.2228,33.5866,32.9128,32.2006,31.4493
2.17E+03,34.6774,35.2037,35.6951,36.1523,36.5757,36.9657,37.3228,37.6473,37.9396,38.2,38.4287,38.626,38.7921,38.9272,39.0315,39.1049,39.1476,39.1596,39.1409,39.0914,39.0111,38.8998,38.7574,38.5836,38.3782,38.1411,37.8718,37.57,37.2354,36.8675,36.466,36.0303,35.56,35.0545,34.5133,33.9358,33.3213,32.6693,31.979,31.2499,30.4811
2.18E+03,33.8143,34.3528,34.8558,35.3239,35.7575,36.157,36.5227,36.8552,37.1546,37.4213,37.6556,37.8576,38.0277,38.1659,38.2723,38.3472,38.3904,38.4021,38.3823,38.3308,38.2476,38.1326,37.9857,37.8066,37.5951,37.351,37.0739,36.7636,36.4198,36.0419,35.6296,35.1825,34.7,34.1817,33.6271,33.0355,32.4064,31.7392,31.0332,30.2878,29.5023
2.20E+03,32.9362,33.4864,34.0006,34.4791,34.9224,35.3309,35.705,36.0451,36.3513,36.6241,36.8637,37.0703,37.2441,37.3852,37.4938,37.57,37.6137,37.6251,37.6042,37.5508,37.4649,37.3464,37.1951,37.0109,36.7935,36.5427,36.2583,35.9398,35.587,35.1996,34.777,34.3189,33.8248,33.2943,32.7268,32.1217,31.4786,30.7968,30.0758,29.3148,28.5133
2.21E+03,32.0437,32.6052,33.13,33.6185,34.0712,34.4884,34.8704,35.2177,35.5306,35.8092,36.0538,36.2648,36.4421,36.586,36.6967,36.7741,36.8184,36.8295,36.8074,36.7522,36.6637,36.5418,36.3864,36.1973,35.9742,35.7171,35.4255,35.0993,34.738,34.3413,33.9089,33.4403,32.9351,32.3928,31.8129,31.195,30.5385,29.8428,29.1073,28.3315,27.5147
2.22E+03,31.2814,31.852,32.3854,32.882,33.3423,33.7665,34.1551,34.5083,34.8264,35.1098,35.3586,35.573,35.7532,35.8995,36.0117,36.0902,36.1348,36.1457,36.1228,36.0661,35.9754,35.8508,35.692,35.4989,35.2713,35.0089,34.7116,34.379,34.0108,33.6066,33.1662,32.6891,32.1748,31.623,31.0331,30.4047,29.7373,29.0302,28.283,27.4951,26.6659
2.24E+03,30.5095,31.0889,31.6307,32.1351,32.6027,33.0337,33.4285,33.7874,34.1107,34.3986,34.6514,34.8692,35.0522,35.2007,35.3145,35.394,35.439,35.4496,35.4259,35.3677,35.275,35.1477,34.9857,34.7887,34.5567,34.2893,33.9864,33.6477,33.2728,32.8614,32.4133,31.9279,31.4049,30.8439,30.2444,29.6059,28.9279,28.2099,27.4515,26.6519,25.8106
2.25E+03,29.7285,30.3164,30.8662,31.3782,31.8528,32.2904,32.6912,33.0556,33.3838,33.6761,33.9327,34.1538,34.3395,34.4901,34.6055,34.6859,34.7312,34.7417,34.7171,34.6575,34.5628,34.433,34.2678,34.0671,33.8308,33.5586,33.2504,32.9057,32.5244,32.1061,31.6505,31.1572,30.6258,30.0559,29.4471,28.7988,28.1107,27.3822,26.6129,25.802,24.9492
2.26E+03,28.9387,29.5348,30.0923,30.6116,31.093,31.5368,31.9435,32.3131,32.6461,32.9427,33.203,33.4272,33.6155,33.7681,33.885,33.9663,34.012,34.0222,33.9969,33.9359,33.8394,33.707,33.5388,33.3346,33.0941,32.8173,32.5038,32.1535,31.766,31.341,30.8782,30.3772,29.8377,29.2593,28.6415,27.9839,27.286,26.5474,25.7675,24.9459,24.0819
2.27E+03,28.1403,28.7444,29.3093,29.8356,30.3236,30.7735,31.1857,31.5605,31.8981,32.1987,32.4626,32.6898,32.8807,33.0352,33.1535,33.2357,33.2818,33.2918,33.2656,33.2034,33.105,32.9702,32.7991,32.5914,32.347,32.0657,31.7472,31.3914,30.9979,30.5665,30.0967,29.5884,29.0411,28.4544,27.828,27.1613,26.454,25.7056,24.9156,24.0835,23.2088
2.28E+03,27.3338,27.9455,28.5176,29.0507,29.545,30.0007,30.4183,30.798,31.14,31.4446,31.7119,31.9421,32.1353,32.2918,32.4114,32.4945,32.5408,32.5506,32.5238,32.4603,32.3601,32.223,32.0491,31.8381,31.5899,31.3042,30.9809,30.6198,30.2205,29.7829,29.3065,28.791,28.2362,27.6415,27.0068,26.3314,25.615,24.8572,24.0574,23.2153,22.3302
2.30E+03,26.5194,27.1384,27.7175,28.2571,28.7574,29.2188,29.6416,30.0261,30.3724,30.6807,30.9513,31.1843,31.3799,31.5381,31.6591,31.743,31.7897,31.7992,31.7717,31.707,31.605,31.4658,31.2891,31.0749,30.823,30.5332,30.2053,29.839,29.4342,28.9905,28.5077,27.9854,27.4233,26.821,26.1782,25.4944,24.7693,24.0024,23.1932,22.3414,21.4463
2.31E+03,25.6974,26.3234,26.9092,27.4551,27.9613,28.4282,28.856,29.245,29.5954,29.9074,30.1811,30.4169,30.6147,30.7747,30.897,30.9816,31.0286,31.0379,31.0097,30.9438,30.8402,30.6988,30.5196,30.3023,30.0468,29.7529,29.4205,29.0494,28.6392,28.1897,27.7007,27.1718,26.6027,25.993,25.3425,24.6506,23.917,23.1414,22.3232,21.4619,20.5573
2.32E+03,24.868,25.5009,26.0931,26.645,27.1569,27.629,28.0616,28.455,28.8094,29.1249,29.4018,29.6401,29.8401,30.0018,30.1253,30.2106,30.2579,30.2671,30.2382,30.1712,30.066,29.9226,29.7408,29.5205,29.2616,28.9638,28.6271,28.2512,27.8359,27.3808,26.8858,26.3505,25.7747,25.1579,24.4999,23.8002,23.0585,22.2744,21.4475,20.5772,19.6633
2.33E+03,24.0315,24.671,25.2694,25.8272,26.3445,26.8217,27.259,27.6566,28.0148,28.3337,28.6135,28.8544,29.0564,29.2197,29.3444,29.4305,29.4781,29.4871,29.4576,29.3895,29.2827,29.1373,28.9531,28.7299,28.4677,28.1662,27.8253,27.4449,27.0245,26.5641,26.0633,25.5219,24.9396,24.3159,23.6507,22.9435,22.194,21.4017,20.5664,19.6874,18.7646
2.35E+03,23.1883,23.834,24.4385,25.0018,25.5244,26.0065,26.4483,26.85,27.2118,27.534,27.8167,28.06,28.264,28.4289,28.5547,28.6415,28.6894,28.6982,28.6681,28.5989,28.4907,28.3433,28.1567,27.9308,27.6654,27.3603,27.0155,26.6306,26.2054,25.7398,25.2335,24.6862,24.0975,23.4673,22.7951,22.0807,21.3236,20.5235,19.68,18.7927,17.8612
2.36E+03,22.3384,22.9903,23.6005,24.1693,24.6969,25.1837,25.6298,26.0354,26.4009,26.7262,27.0116,27.2573,27.4632,27.6296,27.7566,27.844,27.8921,27.9008,27.87,27.7999,27.6902,27.541,27.3522,27.1236,26.8551,26.5465,26.1978,25.8087,25.3789,24.9083,24.3966,23.8436,23.2489,22.6123,21.9334,21.212,20.4476,19.6399,18.7886,17.8933,16.9535
2.37E+03,21.4822,22.14,22.7557,23.3297,23.8623,24.3536,24.8038,25.2133,25.5821,25.9105,26.1986,26.4465,26.6543,26.8222,26.9502,27.0383,27.0866,27.0951,27.0638,26.9926,26.8816,26.7306,26.5396,26.3084,26.037,25.7251,25.3726,24.9794,24.5452,24.0697,23.5529,22.9943,22.3938,21.7511,21.0658,20.3376,19.5662,18.7513,17.8924,16.9893,16.0415
2.38E+03,20.6199,21.2833,21.9044,22.4835,23.0207,23.5164,23.9707,24.3838,24.7559,25.0872,25.3779,25.6279,25.8376,26.0069,26.1358,26.2246,26.2731,26.2815,26.2496,26.1775,26.0652,25.9125,25.7193,25.4857,25.2114,24.8963,24.5402,24.143,23.7045,23.2244,22.7026,22.1388,21.5326,20.8839,20.1924,19.4578,18.6796,17.8576,16.9915,16.0809,15.1254
2.40E+03,19.7517,20.4206,21.0469,21.6308,22.1726,22.6724,23.1306,23.5472,23.9225,24.2567,24.5498,24.8019,25.0133,25.1839,25.3139,25.4032,25.452,25.4602,25.4278,25.3548,25.2412,25.0868,24.8917,24.6556,24.3786,24.0603,23.7008,23.2998,22.8571,22.3726,21.846,21.277,20.6655,20.0111,19.3136,18.5726,17.788,16.9592,16.0861,15.1682,14.2053
2.40E+03,19.441,20.1119,20.74,21.3256,21.869,22.3703,22.8298,23.2477,23.6242,23.9593,24.2533,24.5062,24.7181,24.8892,25.0196,25.1091,25.158,25.1661,25.1335,25.0602,24.9461,24.7912,24.5953,24.3584,24.0804,23.7611,23.4003,22.998,22.5538,22.0677,21.5394,20.9687,20.3552,19.6988,18.9992,18.2561,17.4691,16.638,15.7624,14.842,13.8764
2.40E+03,19.441,20.1119,20.74,21.3256,21.869,22.3703,22.8298,23.2477,23.6242,23.9593,24.2533,24.5062,24.7181,24.8892,25.0196,25.1091,25.158,25.1661,25.1335,25.0602,24.9461,24.7912,24.5953,24.3584,24.0804,23.7611,23.4003,22.998,22.5538,22.0677,21.5394,20.9687,20.3552,19.6988,18.9992,18.2561,17.4691,16.638,15.7624,14.842,13.8764